<?xml version="1.0" encoding="UTF-8"?>
<project-private xmlns="http://www.netbeans.org/ns/project-private/1">
    <editor-bookmarks xmlns="http://www.netbeans.org/ns/editor-bookmarks/2" lastBookmarkId="0"/>
    <open-files xmlns="http://www.netbeans.org/ns/projectui-open-files/2">
        <group>
            <file>file:/D:/Posyandu/src/Form/reportPelayanan.jrxml</file>
            <file>file:/D:/Posyandu/src/Form/Master/Manual.java</file>
            <file>file:/D:/Posyandu/src/Form/reportKader.jrxml</file>
            <file>file:/D:/Posyandu/src/Form/Master/Menu.java</file>
            <file>file:/D:/Posyandu/src/Form/Pelayanan.java</file>
            <file>file:/D:/Posyandu/src/Form/Master/About.java</file>
        </group>
    </open-files>
</project-private>
